Status;Genre;Name (mame description);Rom name;Year;Manufacturer;Hardware;Comments;Notes
3;[BeatEmUp];64th. Street - A Detective Story (World);64street;1991;Jaleco;;;
3;[BeatEmUp];Altered Beast (set 8, 8751 317-0078);altbeast;1988;Sega;;;
1;[BeatEmUp];Arabian Magic (Ver 1.0O 1992/07/06);arabianm;1992;Taito Corporation Japan;;;
3;[BeatEmUp];Armored Warriors (941024 Europe);armwar;1994;Capcom;;;
3;[BeatEmUp];Asterix (ver EAD);asterix;1992;Konami;;;
3;[BeatEmUp];Alien Storm (set 4, World, 2 Players, FD1094 317-0154);astorm;1990;Sega;;;
3;[BeatEmUp];The Astyanax;astyanax;1989;Jaleco;;;
3;[BeatEmUp];Avengers (US set 1);avengers;1987;Capcom;;;
3;[BeatEmUp];Alien vs Predator (940520 Euro);avsp;1994;Capcom;;;
3;[BeatEmUp];Bad Dudes vs. Dragonninja (US);baddudes;1988;Data East USA;;;
3;[BeatEmUp];Battle Circuit (970319 Euro);batcir;1997;Capcom;;;
3;[BeatEmUp];Beraboh Man (Japan, Rev C);berabohm;1988;Namco;;;
3;[BeatEmUp];Big Karnak;bigkarnk;1991;Gaelco;;;
3;[BeatEmUp];Black Panther;blkpnthr;1987;Konami;;;
3;[BeatEmUp];B.Rap Boys (World);brapboys;1992;Kaneko;;;
3;[BeatEmUp];Buccaneers (set 1);buccanrs;1989;Duintronic;;;
3;[BeatEmUp];Bucky O'Hare (ver EAB);bucky;1992;Konami;;;
3;[BeatEmUp];Burning Fight (NGM-018)(NGH-018);burningf;1991;SNK;;;
3;[BeatEmUp];Cadash (World);cadash;1989;Taito Corporation Japan;;;
3;[BeatEmUp];Captain Commando (911202 other country);captcomm;1991;Capcom;;;
3;[BeatEmUp];Crude Buster (World FX version);cbuster;1990;Data East Corporation;;;
3;[BeatEmUp];Chanbara;chanbara;1985;Data East;;;
3;[BeatEmUp];China Gate (US);chinagat;1988;Technos Japan (Taito Romstar license);;;
3;[BeatEmUp];Crime Fighters (World 2 players);crimfght;1989;Konami;;;
3;[BeatEmUp];Crossed Swords 2 (bootleg CD to cartridge conversion);crswd2bl;1991;bootleg (Razoola);;;
3;[BeatEmUp];Crossed Swords (ALM-002)(ALH-002);crsword;1991;Alpha Denshi Co.;;;
3;[BeatEmUp];Captain Silver (World);csilver;1987;Data East Corporation;;;
3;[BeatEmUp];The Combatribes (US);ctribe;1990;Technos Japan;;;
3;[BeatEmUp];Dark Seal (World revision 3);darkseal;1990;Data East Corporation;;;
3;[BeatEmUp];D. D. Crew (set 1, World, 4 Players, FD1094 317-?);ddcrew1;1991;Sega;;;
3;[BeatEmUp];Double Dragon (Japan);ddragon;1987;Technos;;;
3;[BeatEmUp];Double Dragon II - The Revenge (World);ddragon2;1988;Technos;;;
3;[BeatEmUp];Double Dragon 3 - The Rosetta Stone (US);ddragon3;1990;Technos Japan;;;
3;[BeatEmUp];Dungeons & Dragons - shadow over mystara (960619 Euro);ddsom;1996;Capcom;;;
3;[BeatEmUp];Dungeons & Dragons - tower of doom (940412 Euro);ddtod;1994;Capcom;;;
3;[BeatEmUp];Dynamite Dux (set 2, FD1094 317-0096);ddux;1989;Sega;;;
3;[BeatEmUp];Cadillacs & Dinosaurs (930201 etc);dino;1993;Capcom;;;
3;[BeatEmUp];DJ Boy (set 1);djboy;1989;Kaneko (American Sammy license);;;
3;[BeatEmUp];DownTown / Mokugeki (Set 1);downtown;1989;Seta;;;
3;[BeatEmUp];Dragon Bowl;drgnbowl;1992;Nics;;;
3;[BeatEmUp];Dragon Buster [Missing sounds];drgnbstr;1984;Namco;;;
3;[BeatEmUp];Dragon Unit / Castle of Dragon;drgnunit;1989;Seta;;;
3;[BeatEmUp];Dynasty Wars (US set 1);dynwar;1989;Capcom;;;
3;[BeatEmUp];Eight Man (NGM-025)(NGH-025);eightman;1991;SNK / Pallas;;;
3;[BeatEmUp];Final Fight (World, set 1);ffight;1989;Capcom;;;
3;[BeatEmUp];Flashgal (set 1);flashgal;1985;Sega;;;
3;[BeatEmUp];Gaia Crusaders;gaia;1999;Noise Factory;;;
-1;[BeatEmUp];Ninja Gaiden (US);gaiden;1988;Tecmo;;;
3;[BeatEmUp];Cosmo Police Galivan (12/26/1985);galivan;1985;Nichibutsu;;;
3;[BeatEmUp];Gang Wars;gangwars;1989;Alpha Denshi Co.;;;
3;[BeatEmUp];Ganryu / Musashi Ganryuki;ganryu;1999;Visco;;;
3;[BeatEmUp];Genpei ToumaDen;genpeitd;1986;Namco;;;
3;[BeatEmUp];Ginga NinkyouDen (set 1);ginganin;1987;Jaleco;;;
3;[BeatEmUp];Golden Axe (set 6, US, 8751 317-123A);goldnaxe;1989;Sega;;;
3;[BeatEmUp];Guardian;grdian;1986;Toaplan / Taito America Corporation (Kitkorp license);;;
3;[BeatEmUp];Guardians [Imperfect graphics @ game start cutscene];grdians;1995;Banpresto;;;
3;[BeatEmUp];Growl (World, Rev 1);growl;1990;Taito Corporation Japan;;;
3;[BeatEmUp];Hachoo!;hachoo;1989;Jaleco;;;
3;[BeatEmUp];Haunted Castle (ver. M);hcastle;1988;Konami;;;
3;[BeatEmUp];Hammerin' Harry (World);hharry;1990;Irem;;;
3;[BeatEmUp];Karate Blazers (World, set 1);karatblz;1991;Video System Co.;;;
3;[BeatEmUp];Ninja Kazan (World);kazan;1988;Jaleco;;;
3;[BeatEmUp];Knuckle Bash;kbash;1993;Toaplan / Atari;;;
3;[BeatEmUp];Kicker;kicker;1985;Konami;;;
3;[BeatEmUp];Kid Niki - Radical Ninja (World);kidniki;1986;Irem;;;
3;[BeatEmUp];Knuckle Joe (set 1);kncljoe;1985;[Seibu Kaihatsu] (Taito license);;;
3;[BeatEmUp];Knights of the Round (911127 etc);knights;1991;Capcom;;;
3;[BeatEmUp];The King of Dragons (910805 etc);kod;1991;Capcom;;;
3;[BeatEmUp];Knights of Valour 2 Plus - Nine Dragons (VM205XX, China);kov2p;2001;IGS;;;
3;[BeatEmUp];Knights of Valour Plus - Sangoku Senki Plus (V119);kovplus;1999;IGS;;;
3;[BeatEmUp];Knights of Valour Superheroes / Sangoku Senki Superheroes (V104, China);kovsh;1999;IGS;;;
3;[BeatEmUp];Knights of Valour Super Heroes Plus / Sangoku Senki Super Heroes Plus (ver. 101) [Imperfect Protection Emulation];kovshp;2004;IGS;;;
3;[BeatEmUp];Kozure Ookami (Japan);kozure;1987;Nichibutsu;;;
3;[BeatEmUp];Kung-Fu Master;kungfum;1984;Irem;;;
3;[BeatEmUp];Nekketsu Kouha Kunio-kun (Japan);kuniokun;1986;Technos;;;
3;[BeatEmUp];Kuri Kinton (World);kurikint;1988;Taito Corporation Japan;;;
3;[BeatEmUp];Kyros;kyros;1987;Alpha Denshi Co. (World Games Inc. license);;;
3;[BeatEmUp];Lady Master of Kung Fu (set 1, newer);ladymstr;1985;Kaneko / Taito;;;
3;[BeatEmUp];Legend;legend;1986;Sega / Coreland;;;
3;[BeatEmUp];Legend of Success Joe / Ashitano Joe Densetsu;legendos;1991;SNK / WAVE;;;
1;[BeatEmUp];Light Bringer (Ver 2.2O 1994/04/08);lightbr;1993;Taito Corporation Japan;;;
3;[BeatEmUp];The Legend of Kage;lkage;1984;Taito Corporation;;;
3;[BeatEmUp];Legend of Hero Tonma;loht;1989;Irem;;;
3;[BeatEmUp];Legend of Makai (World);lomakai;1988;Jaleco;;;
1;[BeatEmUp];Lightning Swords;ltswords;1991;Irem;;;
3;[BeatEmUp];Metamorphic Force (ver EAA);metamrph;1993;Konami;;;
3;[BeatEmUp];Mikie;mikie;1984;Konami;;;
3;[BeatEmUp];Mr. Goemon (Japan);mrgoemon;1986;Konami;;;
3;[BeatEmUp];Magic Sword - heroic fantasy (25.07.1990 other country);msword;1990;Capcom;;;
3;[BeatEmUp];Mutation Nation (NGM-014)(NGH-014);mutnat;1992;SNK;;;
3;[BeatEmUp];My Hero (US, not encrypted);myhero;1985;Sega;;;
3;[BeatEmUp];Nastar (World);nastar;1988;Taito Corporation Japan;;;
3;[BeatEmUp];Ninja Combat (NGM-009);ncombat;1990;Alpha Denshi Co.;;;
3;[BeatEmUp];The Ninja Kids (World);ninjak;1990;Taito Corporation Japan;;;
3;[BeatEmUp];Ninja Spirit;nspirit;1988;Irem;;;
3;[BeatEmUp];Oriental Legend Super (V101, Korea) [Imperfect Protection Emulation];olds;1999;IGS;;;
3;[BeatEmUp];Oriental Legend 2 (Korea) / Xi You Shi E Zhuan Super Plus (World, China, Japan, Hong Kong, Taiwan) (ver. 205) [Incomplete Dump];oldsplus;2004;IGS;;;
3;[BeatEmUp];Oriental Legend - Xi Yo Gi Shi Re Zuang (V126);orlegend;1997;IGS;;;
3;[BeatEmUp];Osman (World);osman;1996;Mitchell;;;
3;[BeatEmUp];P.O.W. - Prisoners of War (US version 1);pow;1988;SNK;;;
3;[BeatEmUp];PuLiRuLa (World);pulirula;1991;Taito Corporation Japan;;;
3;[BeatEmUp];The Punisher (930422 etc);punisher;1993;Capcom;;;
3;[BeatEmUp];Rastan (World Rev 1);rastan;1987;Taito Corporation Japan;;;
3;[BeatEmUp];Renegade (US);renegade;1986;Technos (Taito America license);;;
1;[BeatEmUp];Riding Fight (Ver 1.0O);ridingf;1992;Taito Corporation Japan;;;
3;[BeatEmUp];Riot City (Japan);riotcity;1991;Sega / Westone;;;
3;[BeatEmUp];Robo Army (set 1);roboarmy;1991;SNK;;;
3;[BeatEmUp];Rock'n Rage (World);rockrage;1986;Konami;;;
3;[BeatEmUp];The Return of Ishtar;roishtar;1986;Namco;;;
3;[BeatEmUp];Rygar (US set 1);rygar;1986;Tecmo;;;
3;[BeatEmUp];Pretty Soldier Sailor Moon (ver. 95/03/22B, Europe);sailormn;1995;BanPresto / Gazelle;;;
3;[BeatEmUp];Sengoku / Sengoku Denshou (NGM-017)(NGH-017);sengoku;1991;SNK;;;
3;[BeatEmUp];Sengoku 2 / Sengoku Denshou 2;sengoku2;1993;SNK;;;
3;[BeatEmUp];Sengoku 3 / Sengoku Densho 2001;sengoku3;2001;SNK / Noise Factory;;;
3;[BeatEmUp];Shadow Force (World, Version 3);shadfrce;1993;Technos Japan;;;
3;[BeatEmUp];Shadow Warriors (World, set 1);shadoww;1988;Tecmo;;;
3;[BeatEmUp];Shocking;shocking;1997;Yun Sung;;;
3;[BeatEmUp];Silent Dragon (World);silentd;1992;Taito Corporation Japan;;;
3;[BeatEmUp];The Legend of Silkroad;silkroad;1999;Unico;;;
3;[BeatEmUp];The Simpsons (4 Players World, set 1);simpsons;1991;Konami;;;
3;[BeatEmUp];Spin Master / Miracle Adventure;spinmast;1993;Data East Corporation;;;
3;[BeatEmUp];Splatter House (World, new version (SH3));splatter;1988;Namco;;;
3;[BeatEmUp];Strider (US set 1);strider;1989;Capcom;;;
3;[BeatEmUp];Superman (World);superman;1988;Taito Corporation;;;
3;[BeatEmUp];The Super Spy (NGM-011)(NGH-011);superspy;1990;SNK;;;
3;[BeatEmUp];The Gladiator - Road Of The Sword / Shen Jian (V101) [Incomplete Dump];theglad;2003;IGS;;;
3;[BeatEmUp];Thunder Heroes;theroes;2001;Primetec Investments;;;
3;[BeatEmUp];Thunder Fox (World) [NULL];thundfox;1990;Taito Corporation Japan;;;
3;[BeatEmUp];Tiger Road (US);tigeroad;1987;Capcom;;;
3;[BeatEmUp];Teenage Mutant Ninja Turtles (World 4 Players, version X);tmnt;1989;Konami;;;
3;[BeatEmUp];Teenage Mutant Ninja Turtles - Turtles in Time (4 Players ver. UAA);tmnt2;1991;Konami;;;
3;[BeatEmUp];Top Hunter - Roddy & Cathy (NGM-046);tophuntr;1994;SNK;;;
3;[BeatEmUp];Trio The Punch - Never Forget Me... (World);triothep;1989;Data East Corporation;;;
3;[BeatEmUp];Trojan (US set 1);trojan;1986;Capcom;;;
3;[BeatEmUp];Samurai Nihon-Ichi (set 1);tsamurai;1985;Kaneko / Taito;;;
3;[BeatEmUp];Shingen Samurai-Fighter (Japan, English) [Game crashes in level 2, play tshingena instead!];tshingen;1988;Jaleco;;;
3;[BeatEmUp];Tough Turf (set 2, Japan, 8751 317-0104);tturf;1989;Sega / Sunsoft;;;
3;[BeatEmUp];Ultra Toukon Densetsu (Japan);utoukond;1993;Banpresto / Tsuburaya Productions;;;
3;[BeatEmUp];Vendetta (World, 4 Players ver. T);vendetta;1991;Konami;;;
3;[BeatEmUp];Vigilante (World, Rev E);vigilant;1988;Irem;;;
3;[BeatEmUp];Violent Storm (ver EAC);viostorm;1993;Konami;;;
3;[BeatEmUp];Wild Fang / Tecmo Knight;wildfang;1989;Tecmo;;;
3;[BeatEmUp];Wonder Momo;wndrmomo;1987;Namco;;;
3;[BeatEmUp];Warriors of Fate (921031 etc);wof;1992;Capcom;;;
3;[BeatEmUp];X-Men (4 Players ver UBB);xmen;1992;Konami;;;
3;[BeatEmUp];Zero Team USA (set 1, US, Fabtek license) [Unemulated protection];zeroteam;1993;Seibu Kaihatsu;;;
3;[Gun];Bank Panic;bankp;1984;[Sanritsu] Sega;;;
3;[Gun];Beast Busters (World);bbusters;1989;SNK;;;
1;[Gun];Bubble Trouble (World, Rev B);bubbletr;1992;Namco;;;
3;[Gun];Combat Hawk;combh;1987;Sega / Sanritsu;;;
3;[Gun];Crazy Fight;crazyfgt;1996;Subsino;;;
3;[Gun];D-Con;dcon;1992;Success;;;
3;[Gun];Enforce (World);enforce;1988;Taito Corporation Japan;;;
3;[Gun];Ganbare! Marine Kun (Marine 2K0411 JPN);ganbare;2000;Capcom;;;
3;[Gun];Lethal Enforcers (ver UAE, 11/19/92 15:04);lethalen;1992;Konami;;;
1;[Gun];Laser Ghost (set 2, World, 317-0166);lghost;1990;Sega;;;
1;[Gun];Line of Fire / Bakudan Yarou (World, FD1094 317-0136);loffire;1989;Sega;;;
3;[Gun];Lord of Gun (USA) [Imperfect graphics and sound];lordgun;1994;IGS;;;
3;[Gun];Operation Wolf (World, set 1);opwolf;1987;Taito Corporation Japan;;;
1;[Gun];Operation Wolf 3 (World);opwolf3;1994;Taito Corporation Japan;;;
3;[Gun];Operation Thunderbolt (World, rev 1);othunder;1988;Taito Corporation Japan;;;
1;[Gun];Rail Chase (World);rchase;1991;Sega;;;
3;[Gun];Space Gun (World);spacegun;1990;Taito Corporation Japan;;;
3;[Gun];Zero Point (set 1);zeropnt;1998;Unico;;;
3;[Gun];Zero Point 2;zeropnt2;1999;Unico;;;
3;[Gun];Zombie Raid (9/28/95, US);zombraid;1995;American Sammy;;;
3;[Misc];Angel Kids (Japan);angelkds;1988;Sega / Nasco?;;;
3;[Misc];Arkanoid (World, oldest rev);arkanoid;1986;Taito Corporation Japan;;;
1;[Misc];Arkanoid Returns (Ver 2.02O 1997/02/10);arkretrn;1997;Taito Corporation;;;
3;[Misc];Bomber Man World / New Dyna Blaster - Global Quest;bbmanw;1992;Irem;;;
3;[Misc];Bishi Bashi Championship Mini Game Senshuken (ver JAA, 3 Players) [Imperfect gfx (one gfx rom bad, bad priorities)];bishi;1996;Konami;;;
3;[Misc];Block Block (World 911219 Joystick);block;1991;Capcom;;;
3;[Misc];Block Carnival / Thunder & Lightning 2;blockcar;1992;Visco;;;
3;[Misc];Bullfight (315-5065);bullfgt;1984;Coreland / Sega;;;
3;[Misc];Cameltry (US, YM2610);cameltry;1989;Taito America Corporation;;;
3;[Misc];Choky! Choky!;chokchok;1995;SemiCom;;;
3;[Misc];Congo Bongo;congo;1983;Sega;;;
3;[Misc];Dig Dug (rev 2);digdug;1982;Namco;;;
3;[Misc];Dig Dug II (New Ver.);digdug2;1985;Namco;;;
3;[Misc];Disco No.1;disco;1982;Data East;;;
3;[Misc];Dynablaster / Bomber Man;dynablst;1991;Irem (licensed from Hudson Soft);;;
1;[Misc];Elevator Action Returns (Ver 2.2O 1995/02/20);elvactr;1994;Taito Corporation Japan;;;
3;[Misc];Fire Trap (US, set 1);firetrap;1986;Wood Place Inc. (Data East USA license);;;
3;[Misc];Fly-Boy;flyboy;1982;Kaneko;;;
3;[Misc];Free Kick (NS6201-A 1987.10);freekick;1987;Nihon System (Merit license);;;
3;[Misc];Ghox (spinner);ghox;1991;Toaplan;;;
3;[Misc];Gunbarich;gnbarich;2001;Psikyo;;;
1;[Misc];Susume! Mile Smile / Go Go! Mile Smile (newer);gogomile;1995;Fuuki;;;
3;[Misc];Got-cha Mini Game Festival;gotcha;1997;Dongsung;;;
3;[Misc];Pirate Ship Higemaru;higemaru;1984;Capcom;;;
3;[Misc];Hopping Mappy;hopmappy;1986;Namco;;;
3;[Misc];Hyper Pacman;hyperpac;1995;SemiCom;;;
3;[Misc];The Irritating Maze / Ultra Denryu Iraira Bou;irrmaze;1997;SNK / Saurus;;;
3;[Misc];Jumping Pop (Nics, Korean bootleg of Plump Pop);jpopnics;1992;Nics;;;
3;[Misc];Meikyu Jima (Japan);kikcubic;1988;Irem;;;
1;[Misc];Last Survivor (FD1094 317-0083);lastsurv;1987;Sega;;;
3;[Misc];Metro-Cross (set 1);metrocrs;1985;Namco;;;
3;[Misc];More More;moremore;1999;SemiCom / Exit;;;
3;[Misc];More More Plus;moremorp;1999;SemiCom / Exit;;;
3;[Misc];Motos;motos;1985;Namco;;;
3;[Misc];Mighty! Pang (001010 Euro);mpang;2000;Mitchell;;;
3;[Misc];MS Pacman;mspacman;1980;Namco;;;
3;[Misc];Monsters World (bootleg of Super Pang);mstworld;1994;bootleg (TCH);;;
3;[Misc];Mysterious Stones - Dr. John's Adventure;mystston;1984;Technos;;;
3;[Misc];Neo Bomberman;neobombe;1997;Hudson;;;
3;[Misc];Pack'n Bang Bang (Prototype);packbang;1994;Kaneko;;;
3;[Misc];Pac-Mania;pacmania;1987;Namco;;;
3;[Misc];Pac-Man Plus;pacplus;1982;[Namco] (Midway license);;;
3;[Misc];Pang (World);pang;1989;Mitchell;;;
3;[Misc];Pang! 3 (950601 Euro);pang3;1995;Mitchell;;;
3;[Misc];Pipi & Bibis / Whoopee!! (Z80 sound cpu, set 1);pipibibs;1991;Toaplan;;;
3;[Misc];Plump Pop (Japan);plumppop;1987;Taito Corporation;;;
3;[Misc];Pop 'n Bounce / Gapporin;popbounc;1997;Video System Co.;;;
3;[Misc];Puzzle Break;pzlbreak;1997;SemiCom;;;
3;[Misc];Q*bert (US set 1);qbert;1982;Gottlieb;;;
3;[Misc];Q*bert's Qubes;qbertqub;1983;Mylstar;;;
3;[Misc];Rock'n Tread (Japan);rockn;1999;Jaleco;;;
3;[Misc];Rock'n Tread 2 (Japan);rockn2;1999;Jaleco;;;
3;[Misc];Rock'n 3 (Japan);rockn3;1999;Jaleco;;;
3;[Misc];Rock'n 4 (Japan, prototype);rockn4;2000;Jaleco / PCCWJ;;;
3;[Misc];Rompers (Japan, new version (Rev B));rompers;1989;Namco;;;
3;[Misc];Super Bishi Bashi Championship (ver JAA, 2 Players) [Imperfect gfx (bad priorities)];sbishi;1998;Konami;;;
3;[Misc];Sel Feena;selfeena;1991;East Technology;;;
3;[Misc];Sokonuke Taisen Game (Japan);sokonuke;1995;Sammy Industries;;;
3;[Misc];Sotsugyo Shousho;sotsugyo;1995;Mitchell (Atlus license);;;
3;[Misc];Super Pang (World 900914);spang;1990;Mitchell;;;
3;[Misc];Super Locomotive (Rev.A);suprloco;1982;Sega;;;
3;[Misc];Thunder & Lightning;thunderl;1990;Seta;;;
3;[Misc];Time Scanner (set 2, System 16B);timescan;1987;Sega;;;
3;[Misc];The Tower of Druaga (New Ver.);todruaga;1984;Namco;;;
3;[Misc];Tutankham;tutankhm;1982;Konami;;;
1;[Misc];VS Block Breaker (Europe);vblokbrk;1997;Kaneko / Mediaworks;;;
3;[Misc];Wit's (Japan);wits;1989;Athena (Visco license);;;
3;[Platform];Alex Kidd: The Lost Stars (set 2, unprotected);alexkidd;1986;Sega;;;
3;[Platform];Arabian;arabian;1983;Sun Electronics;;;
3;[Platform];Athena;athena;1986;SNK;;;
3;[Platform];The Berlin Wall;berlwall;1991;Kaneko;;;
3;[Platform];Biomechanical Toy (Ver. 1.0.1885);biomtoy;1995;Gaelco;;;
3;[Platform];Bionic Commando (Euro);bionicc;1987;Capcom;;;
3;[Platform];Blue's Journey / Raguy (ALM-001)(ALH-001);bjourney;1990;Alpha Denshi Co.;;;
3;[Platform];Bombjack Twin (set 1);bjtwin;1993;NMK;;;
3;[Platform];Black Tiger;blktiger;1987;Capcom;;;
3;[Platform];Bogey Manor [NULL];bogeyman;1985;Technos Japan;;;
3;[Platform];Bomb Jack (set 1);bombjack;1984;Tehkan;;;
3;[Platform];Bomb Kick (set 1);bombkick;1998;Yun Sung;;;
3;[Platform];B.C. Kid / Bonk's Adventure / Kyukyoku!! PC Genjin;bonkadv;1994;Kaneko;;;
1;[Platform];Bubble Memories: The Story Of Bubble Bobble III (Ver 2.4O 1996/02/15);bubblem;1995;Taito Corporation Japan;;;
3;[Platform];Bubble Bobble (Japan, Ver 0.1);bublbobl;1986;Taito Corporation;;;
3;[Platform];Bygone [Imperfect sound];bygone;1985;Taito Corporation;;;
3;[Platform];Chack'n Pop;chaknpop;1983;Taito Corporation;;;
3;[Platform];Chameleon;chameleo;1983;Jaleco;;;
3;[Platform];Circus Charlie (Centuri);circuscc;1984;Konami (Centuri license);;;
3;[Platform];Dark Tower;darktowr;1992;Game Room;;;
3;[Platform];Diet Go Go (Euro v1.1 1992.09.26);dietgo;1992;Data East Corporation;;;
3;[Platform];Donkey Kong (US set 1);dkong;1981;Nintendo of America;;;
3;[Platform];Donkey Kong 3 (US);dkong3;1983;Nintendo of America;;;
3;[Platform];Donkey Kong Junior (US set F-2);dkongjr;1982;Nintendo of America;;;
3;[Platform];Mr. Do's Castle (set 1);docastle;1983;Universal;;;
3;[Platform];Don Doko Don (World);dondokod;1989;Taito Corporation Japan;;;
3;[Platform];Mr. Do's Wild Ride;dowild;1984;Universal;;;
3;[Platform];Dream World;dreamwld;2000;SemiCom;;;
3;[Platform];Dyna Gear;dynagear;1993;Sammy;;;
-1;[Platform];Fantasy Land (set 1);fantland;19??;Electronic Devices Italy;;;
3;[Platform];Flicky (128k Version, 315-5051);flicky;1984;Sega;;;
3;[Platform];The FairyLand Story;flstory;1985;Taito;;;
3;[Platform];Funky Jet (World, rev 1);funkyjet;1992;[Data East] (Mitchell license);;;
3;[Platform];Ghouls'n Ghosts (World);ghouls;1988;Capcom;;;
3;[Platform];Ghosts'n Goblins (World? set 1);gng;1985;Capcom;;;
3;[Platform];Hard Head 2 (v2.0);hardhea2;1991;SunA;;;
3;[Platform];Hard Head;hardhead;1988;SunA;;;
3;[Platform];Head Panic (ver. 0117, 17/01/2000) [Story line & game instructions in English];hedpanic;2000;ESD;;;
3;[Platform];Hopper Robo;hopprobo;1983;Sega;;;
3;[Platform];J. J. Squawkers;jjsquawk;1993;Athena / Able;;;
3;[Platform];Joe & Mac Returns (World, Version 1.1, 1994.05.27);joemacr;1994;Data East;;;
3;[Platform];Jump Kids;jumpkids;1993;Comad;;;
3;[Platform];Jumping Pop (set 1);jumppop;2001;ESD;;;
3;[Platform];Karnov (US, rev 6);karnov;1987;Data East USA;;;
3;[Platform];Lode Runner (set 1);ldrun;1984;Irem (licensed from Broderbund);;;
3;[Platform];Lode Runner II - The Bungeling Strikes Back;ldrun2;1984;Irem (licensed from Broderbund);;;
3;[Platform];Lode Runner III - The Golden Labyrinth;ldrun3;1985;Irem (licensed from Broderbund);;;
3;[Platform];Lode Runner IV - Teikoku Karano Dasshutsu;ldrun4;1986;Irem (licensed from Broderbund);;;
3;[Platform];Liquid Kids (World);liquidk;1990;Taito Corporation Japan;;;
3;[Platform];Lode Runner - The Dig Fight (ver. B);loderndf;2000;Psikyo;;;
3;[Platform];Magician Lord (NGM-005);maglord;1990;Alpha Denshi Co.;;;
3;[Platform];Mr. Do!;mrdo;1982;Universal;;;
3;[Platform];Mega Twins (chiki chiki boys 900619 etc);mtwins;1990;Capcom;;;
3;[Platform];Nemo (90 11 30 etc);nemo;1990;Capcom;;;
3;[Platform];Neo Mr. Do!;neomrdo;1996;Visco;;;
3;[Platform];Ninja-Kid II / NinjaKun Ashura no Shou (set 1);ninjakd2;1987;UPL;;;
3;[Platform];Ninjakun Majou no Bouken;ninjakun;1984;UPL (Taito license);;;
3;[Platform];Nightmare in the Dark;nitd;2000;Eleven / Gavaking;;;
3;[Platform];Pac-Land (World);pacland;1984;Namco;;;
3;[Platform];Pandora's Palace;pandoras;1984;Konami / Interlogic;;;
3;[Platform];Penguin Brothers (Japan);penbros;2000;Subsino;;;
3;[Platform];Pitfall II (315-5093);pitfall2;1985;Sega;;;
3;[Platform];Popeye (revision D);popeye;1982;Nintendo;;;
3;[Platform];Psychic 5 (World);psychic5;1987;Jaleco;;;
3;[Platform];Rainbow Islands (new version);rbisland;1987;Taito Corporation;;;
1;[Platform];Recalhorn (Ver 1.42J 1994/5/11) (Prototype) [Prototype];recalh;1994;Taito Corporation;;;
3;[Platform];Roc'n Rope;rocnrope;1983;Konami;;;
3;[Platform];Rod-Land (World, set 1);rodland;1990;Jaleco;;;
3;[Platform];Saboten Bombers (set 1);sabotenb;1992;NMK / Tecmo;;;
3;[Platform];Shadowland (YD3);shadowld;1987;Namco;;;
3;[Platform];Snow Bros. 2 - with new elves;snowbro2;1994;[Toaplan] Hanafram;;;
3;[Platform];Snow Bros. - Nick & Tom (set 1);snowbros;1990;Toaplan;;;
3;[Platform];Spelunker II - 23 no Kagi (Japan);spelunk2;1986;Irem (licensed from Broderbund);;;
3;[Platform];Spelunker;spelunkr;1985;Irem (licensed from Broderbund);;;
3;[Platform];Super Burger Time (World, set 1);supbtime;1990;Data East Corporation;;;
3;[Platform];Super Trio;suprtrio;1994;Gameace;;;
3;[Platform];TeddyBoy Blues (315-5115, New Ver.);teddybb;1985;Sega;;;
3;[Platform];Thunder Hoop (Ver. 1);thoop;1992;Gaelco;;;
3;[Platform];The NewZealand Story (World, newer);tnzs;1988;Taito Corporation Japan;;;
3;[Platform];Toki (World, set 1);toki;1989;TAD Corporation;;;
3;[Platform];Toppy & Rappy;toppyrap;1996;SemiCom;;;
3;[Platform];Tricky Doc (set 1);trckydoc;1987;Tecfri;;;
3;[Platform];Tumble Pop (World);tumblep;1991;Data East Corporation;;;
3;[Platform];Ultra Balloon;uballoon;1996;SunA;;;
3;[Platform];Wardner (World);wardner;1987;Toaplan / Taito Corporation Japan;;;
3;[Platform];Wonder Boy III - Monster Lair (set 6, World, System 16B, 8751 317-0098);wb3;1988;Sega / Westone;;;
3;[Platform];Wonder Boy Deluxe;wbdeluxe;1986;Sega (Escape License);;;
3;[Platform];Wonder Boy in Monster Land (Japan New Ver., MC-8123, 317-0043);wbml;1987;Sega / Westone;;;
3;[Platform];Wily Tower;wilytowr;1984;Irem;;;
3;[Platform];Zupapa!;zupapa;2001;SNK;;;
3;[Puzzle];Three Wonders (wonder 3 910520 etc);3wonders;1991;Capcom;;;
3;[Puzzle];Tetris (set 1) [No sound];atetris;1988;Atari Games;;;
3;[Puzzle];Balloon Brothers;ballbros;1992;East Technology;;;
3;[Puzzle];Bang Bang Ball (v1.05);bangball;1996;Banpresto / Kunihiko Tashiro+Goodhouse;;;
3;[Puzzle];Bouncing Balls;bballs;1991;Comad;;;
3;[Puzzle];Block Hole;blockhl;1989;Konami;;;
3;[Puzzle];Block Out (set 1);blockout;1989;Technos + California Dreams;;;
3;[Puzzle];Bloxeed (Japan, FD1094 317-0139);bloxeed;1990;Sega;;;
3;[Puzzle];Boulder Dash / Boulder Dash Part 2 (World);bouldash;1990;Data East Corporation (licensed from First Star);;;
3;[Puzzle];Cachat (Japan);cachat;1993;Taito Corporation;;;
3;[Puzzle];Cookie & Bibi (set 1);cookbib;1995;SemiCom;;;
3;[Puzzle];Cookie & Bibi 2 (set 1);cookbib2;1996;SemiCom;;;
3;[Puzzle];Cookie & Bibi 3;cookbib3;1997;SemiCom;;;
3;[Puzzle];Croquis (Germany);croquis;1996;Deniam;;;
3;[Puzzle];Cross Pang;crospang;1998;F2 System;;;
3;[Puzzle];Cue Brick (World, version D);cuebrick;1989;Konami;;;
1;[Puzzle];Deroon DeroDero [No sound];deroon;1995;Tecmo;;;
3;[Puzzle];Final Tetris;finalttr;1993;Jeil Computer System;;;
3;[Puzzle];Ghostlop (prototype) [Prototype];ghostlop;1996;Data East Corporation;;;
3;[Puzzle];Gururin;gururin;1994;Face;;;
3;[Puzzle];Hexion (Japan ver. JAB);hexion;1992;Konami;;;
3;[Puzzle];Itazura Tenshi (Japan);itaten;1984;Nichibutsu / Alice;;;
3;[Puzzle];Puzzled / Joy Joy Kid (NGM-021)(NGH-021);joyjoy;1990;SNK;;;
3;[Puzzle];Karian Cross (Rev. 1.0);karianx;1996;Deniam;;;
3;[Puzzle];Kitten Kaboodle;kittenk;1988;Konami;;;
3;[Puzzle];Lemmings (US prototype);lemmings;1991;Data East USA;;;
3;[Puzzle];Loco-Motion;locomotn;1982;Konami (Centuri license);;;
3;[Puzzle];Logic Pro 2 (Japan);logicpr2;1997;Deniam;;;
3;[Puzzle];Logic Pro (Japan);logicpro;1996;Deniam;;;
3;[Puzzle];Lot Lot;lotlot;1985;Irem (licensed from Tokuma Shoten);;;
3;[Puzzle];Magical Drop (Japan, Version 1.1, 1995.06.21);magdrop;1995;Data East;;;
3;[Puzzle];Magical Drop II;magdrop2;1996;Data East Corporation;;;
3;[Puzzle];Magical Drop III;magdrop3;1997;Data East Corporation;;;
3;[Puzzle];Mang-Chi;mangchi;2000;Afega;;;
3;[Puzzle];Naname de Magic!;naname;1994;Atlus;;;
3;[Puzzle];Oh My God!;ohmygod;1993;Atlus;;;
3;[Puzzle];Palamedes (US);palamed;1990;Hot-B Co., Ltd.;;;
3;[Puzzle];Panic Bomber;panicbom;1994;Eighting / Hudson;;;
1;[Puzzle];Panic Street (Japan);panicstr;1999;Kaneko;;;
3;[Puzzle];Puzzle Bobble 2 / Bust-A-Move Again (Neo-Geo);pbobbl2n;1999;Taito (SNK license);;;
3;[Puzzle];Puzzle Bobble (Japan, B-System);pbobble;1994;Taito Corporation;;;
1;[Puzzle];Puzzle Bobble 3 (Ver 2.1O 1996/09/27);pbobble3;1996;Taito Corporation;;;
1;[Puzzle];Puzzle Bobble 4 (Ver 2.04O 1997/12/19);pbobble4;1997;Taito Corporation;;;
3;[Puzzle];Phozon (Japan);phozon;1983;Namco;;;
3;[Puzzle];Plotting (World set 1);plotting;1989;Taito Corporation Japan;;;
3;[Puzzle];Pnickies (940608 Japan);pnickj;1994;Compile (Capcom license);;;
3;[Puzzle];Pochi and Nyaa (Ver 2.00);pnyaa;2003;Aiky / Taito;;;
3;[Puzzle];Pururun;pururun;1995;Metro / Banpresto;;;
3;[Puzzle];Puzzle De Pon! R!;puzzldpr;1997;Taito (Visco license);;;
3;[Puzzle];Puzzle De Pon!;puzzledp;1995;Taito (Visco license);;;
1;[Puzzle];Puzzli;puzzli;1995;Metro / Banpresto;;;
1;[Puzzle];Puzz Loop (Europe, v0.94);puzzloop;1998;Mitchell;;;
3;[Puzzle];Puzznic (World);puzznic;1989;Taito Corporation Japan;;;
3;[Puzzle];Puzzle De Bowling (Japan);pzlbowl;1999;Nihon System / Moss;;;
3;[Puzzle];Puzz Loop 2 (010302 Euro);pzloop2;2001;Mitchell, distritued by Capcom;;;
1;[Puzzle];Risky Challenge;riskchal;1993;Irem;;;
3;[Puzzle];Rolling Crush (version 1.07.E - 1999/02/11, Trust license);rolcrush;1999;SemiCom / Exit (Trust license);;;
3;[Puzzle];RyuKyu (Japan, FD1094 317-5023);ryukyu;1990;Success / Sega;;;
3;[Puzzle];Solomon's Key (US);solomon;1986;Tecmo;;;
3;[Puzzle];Super Puzzle Fighter II Turbo (Super Puzzle Fighter 2 Turbo 960529 Euro);spf2t;1996;Capcom;;;
3;[Puzzle];Tang Tang (ver. 0526, 26/05/2000);tangtang;2000;ESD;;;
3;[Puzzle];Teki Paki;tekipaki;1991;Toaplan;;;
3;[Puzzle];Tetris (set 4, Japan, System 16A, FD1094 317-0093);tetris;1988;Sega;;;
3;[Puzzle];Tetris Plus 2 (World);tetrisp2;1997;Jaleco / The Tetris Company;;;
1;[Puzzle];Tetris the Absolute The Grand Master 2 Plus;tgm2p;2000;Arika;;;
3;[Puzzle];Toryumon;toryumon;1994;Sega / Westone;;;
3;[Puzzle];Twinkle Star Sprites;twinspri;1996;ADK;;;
3;[Puzzle];Puzzle Uo Poko (International, ver. 98/02/06);uopoko;1999;Cave / Jaleco;;;
3;[Puzzle];Volfied (World, revision 1);volfied;1989;Taito Corporation Japan;;;
3;[Puzzle];Welltris - Alexey Pajitnov's (World?, 2 players);welltris;1991;Video System Co.;;;
3;[Puzzle];Zintrick / Oshidashi Zentrix (hack / bootleg) [Bootleg];zintrckb;1996;hack / bootleg;;;
3;[Race];A.B. Cop (World, FD1094 317-0169b);abcop;1990;Sega;;;
1;[Race];Backfire! (set 1);backfire;1995;Data East Corporation;;;
3;[Race];Chequered Flag;chqflag;1988;Konami;;;
2;[Race];Continental Circus (World);contcirc;1987;Taito Corporation Japan;;;
3;[Race];Lethal Crash Race (set 1);crshrace;1993;Video System Co.;;;
3;[Race];Dirt Fox (Japan);dirtfoxj;1989;Namco;;;
3;[Race];Drift Out '94 - The Hard Order (Japan);drifto94;1994;Visco;;;
3;[Race];Drift Out (Europe);driftout;1991;Visco (Europe);;;
3;[Race];Enduro Racer (YM2151, FD1089B 317-0013A);enduror;1986;Sega;;;
3;[Race];Escape Kids (Asia, 4 Players);esckids;1991;Konami;;;
3;[Race];F-1 Grand Prix;f1gp;1991;Video System Co.;;;
3;[Race];F-1 Grand Prix Part II;f1gp2;1992;Video System Co.;;;
1;[Race];GP Rider (World, FD1094 317-0163) (Twin setup) [Single version only];gprider;1990;Sega;;;
3;[Race];1000 Miglia: Great 1000 Miles Rally (94/07/18);gtmr;1994;Kaneko;;;
3;[Race];Mille Miglia 2: Great 1000 Miles Rally (95/05/24);gtmr2;1995;Kaneko;;;
3;[Race];Hyper Crash (version D);hcrash;1987;Konami;;;
3;[Race];Jumping Cross;jcross;1984;SNK;;;
3;[Race];Masked Riders Club Battle Race;kamenrid;1993;Banpresto / Toei;;;
3;[Race];Konami GT;konamigt;1985;Konami;;;
3;[Race];Led Storm Rally 2011 (World);leds2011;1988;Capcom;;;
3;[Race];Led Storm (US);ledstorm;1988;Capcom;;;
1;[Race];Lucky & Wild;luckywld;1992;Namco;;;
3;[Race];Maze of Flott (Japan);mofflott;1989;Taito Corporation;;;
3;[Race];Neo Drift Out - New Technology;neodrift;1996;Visco;;;
3;[Race];Out Run (sitdown/upright, Rev B);outrun;1986;Sega;;;
3;[Race];Over Top;overtop;1996;ADK;;;
1;[Race];Power Drift (World, Rev A) [Select Auto-Center preset in Input Configuration];pdrift;1988;Sega;;;
1;[Race];Racing Hero (FD1094 317-0144);rachero;1989;Sega;;;
1;[Race];Racing Beat (World);racingb;1991;Taito Corporation Japan;;;
3;[Race];Rally Bike / Dash Yarou;rallybik;1988;Toaplan / Taito Corporation;;;
3;[Race];Rally X (32k Ver.?);rallyx;1980;Namco;;;
3;[Race];Riding Hero (NGM-006)(NGH-006);ridhero;1990;SNK;;;
3;[Race];Road Fighter (set 1);roadf;1984;Konami;;;
3;[Race];Super Hang-On (sitdown/upright, unprotected);shangon;1987;Sega;;;
3;[Race];Super Monaco GP (World, Rev B, FD1094 317-0126a);smgp;1989;Sega;;;
3;[Race];Space Position (Japan);spcpostn;1986;Sega / Nasco;;;
1;[Race];Top Speed (World);topspeed;1987;Taito Corporation Japan;;;
3;[Race];Turbo Out Run (Out Run upgrade, FD1094 317-0118);toutrun;1989;Sega;;;
3;[Race];Thrash Rally (ALM-003)(ALH-003);trally;1991;Alpha Denshi Co.;;;
3;[Race];Up'n Down (315-5030);upndown;1983;Sega;;;
3;[Race];World Rally (Version 1.0, Checksum 0E56);wrally;1993;Gaelco;;;
3;[RunNGun];Three Wonders (wonder 3 910520 etc);3wonders;1991;Capcom;;;
3;[RunNGun];Act-Fancer Cybernetick Hyper Weapon (World revision 3);actfancr;1989;Data East Corporation;;;
3;[RunNGun];Aliens (World set 1);aliens;1990;Konami;;;
3;[RunNGun];Alien Syndrome (set 4, System 16B, unprotected);aliensyn;1987;Sega;;;
3;[RunNGun];Avenging Spirit;avspirit;1991;Jaleco;;;
3;[RunNGun];Bay Route (set 3, World, FD1094 317-0116);bayroute;1989;Sunsoft / Sega;;;
3;[RunNGun];Bonze Adventure (World, Newer);bonzeadv;1988;Taito Corporation Japan;;;
3;[RunNGun];Charlie Ninja;charlien;1995;Mitchell;;;
3;[RunNGun];Chelnov - Atomic Runner (World);chelnov;1988;Data East Corporation;;;
3;[RunNGun];Contra (US / Asia, set 1);contra;1987;Konami;;;
3;[RunNGun];Crime City (World);crimec;1989;Taito Corporation Japan;;;
3;[RunNGun];Cyber-Lip (NGM-010);cyberlip;1990;SNK;;;
3;[RunNGun];Demon's World / Horror Story (set 1);demonwld;1990;Toaplan;;;
3;[RunNGun];Desert Breaker (World, FD1094 317-0196);desertbr;1992;Sega;;;
3;[RunNGun];Demon Front (V105);dmnfrnt;2002;IGS;;;
3;[RunNGun];E-Swat - Cyber Police (set 4, World, FD1094 317-0130);eswat;1989;Sega;;;
3;[RunNGun];Finest Hour (Japan);finehour;1989;Namco;;;
3;[RunNGun];Green Beret;gberet;1985;Konami;;;
3;[RunNGun];Gun Master;gunmast;1994;Metro;;;
3;[RunNGun];Magical Crystals (World, 92/01/10);mgcrystl;1991;Kaneko;;;
3;[RunNGun];M.I.A. - Missing in Action (version T);mia;1989;Konami;;;
3;[RunNGun];Midnight Resistance (World);midres;1989;Data East Corporation;;;
3;[RunNGun];Mutant Night;mnight;1987;UPL;;;
3;[RunNGun];Momoko 120% (Japanese text);momoko;1986;Jaleco;;;
3;[RunNGun];Wild West C.O.W.-Boys of Moo Mesa (ver EAB);moomesa;1992;Konami;;;
3;[RunNGun];Metal Slug - Super Vehicle-001;mslug;1996;Nazca;;;
3;[RunNGun];Metal Slug 2 - Super Vehicle-001/II (NGM-2410) (NGH-2410);mslug2;1998;SNK;;;
3;[RunNGun];Metal Slug 3 (NGM-2560);mslug3;2000;SNK;;;
3;[RunNGun];Metal Slug 4 (NGM-2630);mslug4;2002;Mega;;;
3;[RunNGun];Metal Slug 5 (NGM-2680);mslug5;2003;SNK Playmore;;;
3;[RunNGun];Metal Slug X - Super Vehicle-001 (NGM-2500)(NGH-2500);mslugx;1999;SNK;;;
3;[RunNGun];Mystic Warriors (ver EAA);mystwarr;1993;Konami;;;
3;[RunNGun];Psycho-Nics Oscar (World revision 0);oscar;1988;Data East Corporation;;;
3;[RunNGun];Out Zone;outzone;1990;Toaplan;;;
3;[RunNGun];Psycho Soldier (US);psychos;1987;SNK;;;
3;[RunNGun];Quartet (Rev A, 8751 317-unknown);quartet;1986;Sega;;;
3;[RunNGun];Riot;riot;1992;NMK;;;
3;[RunNGun];Robocop (World revision 4);robocop;1988;Data East Corporation;;;
3;[RunNGun];Rolling Thunder (rev 3);rthunder;1986;Namco;;;
3;[RunNGun];Super Contra;scontra;1988;Konami;;;
3;[RunNGun];SD Gundam Psycho Salamander no Kyoui;sdgndmps;1991;Banpresto / Bandai;;;
3;[RunNGun];Shadow Dancer (set 3, US);shdancer;1989;Sega;;;
3;[RunNGun];Shinobi (set 6, System 16A, unprotected);shinobi;1987;Sega;;;
3;[RunNGun];Son Son;sonson;1984;Capcom;;;
3;[RunNGun];Spark Man (v2.0, set 1);sparkman;1989;SunA;;;
3;[RunNGun];Super Ranger (v2.0);sranger;1988;SunA;;;
3;[RunNGun];Sunset Riders (4 Players ver. EAC);ssriders;1991;Konami;;;
3;[RunNGun];Surprise Attack (World ver. K);suratk;1990;Konami;;;
1;[RunNGun];Thunder Zone (World, Rev 1);thndzone;1991;Data East Corporation;;;
3;[RunNGun];Willow (World);willow;1989;Capcom;;;
3;[RunNGun];Wiz;wiz;1985;Seibu Kaihatsu Inc.;;;
3;[RunNGun];Xain'd Sleena (World);xsleena;1986;Technos Japan (Taito license);;;
3;[ShootEmUp];1941 - Counter Attack (900227 World);1941;1990;Capcom;;;
3;[ShootEmUp];1942 (Revision B);1942;1984;Capcom;;;
3;[ShootEmUp];1943: The Battle of Midway (Euro);1943;1987;Capcom;;;
3;[ShootEmUp];1944 - the loop master (000620 USA);1944;2000;Capcom / 8ing / Raizing;;;
3;[ShootEmUp];1945k III (newer, OPCX2 PCB);1945kiii;2000;Oriental Soft;;;
3;[ShootEmUp];19XX - the war against destiny (951207 USA);19xx;1995;Capcom;;;
3;[ShootEmUp];Three Wonders (wonder 3 910520 etc);3wonders;1991;Capcom;;;
3;[ShootEmUp];After Burner II;aburner2;1987;Sega;;;
3;[ShootEmUp];Aero Fighters;aerofgt;1992;Video System Co.;;;
3;[ShootEmUp];Action Fighter, FD1089A 317-0018;afighter;1986;Sega;;;
3;[ShootEmUp];Air Gallet (Europe);agallet;1996;BanPresto / Gazelle;;;
1;[ShootEmUp];Air Assault (World);airass;1993;Irem;;;
3;[ShootEmUp];Air Attack (set 1);airattck;1996;Comad;;;
3;[ShootEmUp];Air Buster: Trouble Specialty Raid Unit (World);airbustr;1990;Kaneko (Namco license);;;
3;[ShootEmUp];Air Duel (World, M82-A-A + M82-B-A);airduel;1990;Irem;;;
3;[ShootEmUp];Ajax;ajax;1987;Konami;;;
3;[ShootEmUp];Alien Sector;aliensec;1985;Namco;;;
3;[ShootEmUp];Alpha Mission II / ASO II - Last Guardian (NGM-007)(NGH-007);alpham2;1991;SNK;;;
3;[ShootEmUp];Soldier Girl Amazon;amazon;1986;Nichibutsu;;;
3;[ShootEmUp];Ambush;ambush;1983;Tecfri;;;
3;[ShootEmUp];Andro Dunos (NGM-049)(NGH-049);androdun;1992;Visco;;;
3;[ShootEmUp];Arbalester;arbalest;1989;Seta;;;
3;[ShootEmUp];Arcadia (NMK);arcadian;1994;NMK;;;
3;[ShootEmUp];Ark Area;arkarea;1988;UPL;;;
3;[ShootEmUp];Armed Formation;armedf;1988;Nichibutsu;;;
3;[ShootEmUp];Ashura Blaster (World);ashura;1990;Taito Corporation Japan;;;
1;[ShootEmUp];ASO - Armored Scrum Object;aso;1985;SNK;;;
1;[ShootEmUp];Assault Plus (Japan);assaultp;1988;Namco;;;
3;[ShootEmUp];Asuka & Asuka (World);asuka;1988;Taito Corporation;;;
3;[ShootEmUp];Aurail (set 3, US, unprotected);aurail;1990;Sega / Westone;;;
3;[ShootEmUp];Back Fire (Tecmo, bootleg);backfirt;1988;Tecmo;;;
3;[ShootEmUp];Bakutotsu Kijuutei;bakutotu;1988;Namco;;;
3;[ShootEmUp];Baryon - Future Assault (set 1);baryon;1997;SemiCom;;;
3;[ShootEmUp];Armed Police Batrider (Europe) (Fri Feb 13 1998);batrider;1998;Raizing / 8ing;;;
3;[ShootEmUp];Batsugun (set 1);batsugun;1993;Toaplan;;;
3;[ShootEmUp];Battle Lane! Vol. 5 (set 1);battlane;1986;Technos Japan (Taito license);;;
3;[ShootEmUp];Battlantis (program code G);battlnts;1987;Konami;;;
3;[ShootEmUp];The Battle-Road;battroad;1984;Irem;;;
3;[ShootEmUp];Battle Bakraid - Unlimited Version (U.S.A.) (Tue Jun 8 1999);bbakraid;1999;Eighting;;;
3;[ShootEmUp];Battle Chopper;bchopper;1987;Irem;;;
3;[ShootEmUp];Battle Garegga (Europe / USA / Japan / Asia) (Sat Feb 3 1996);bgaregga;1996;Raizing / 8ing;;;
3;[ShootEmUp];Blast Off (Japan);blastoff;1989;Namco;;;
3;[ShootEmUp];Blaze On (Japan);blazeon;1992;Atlus;;;
3;[ShootEmUp];Blazer (Japan);blazer;1987;Namco;;;
3;[ShootEmUp];Blazing Star;blazstar;1998;Yumekobo;;;
3;[ShootEmUp];Blood Bros. (World?);bloodbro;1990;TAD Corporation;;;
3;[ShootEmUp];Bells & Whistles (World, version L);blswhstl;1991;Konami;;;
3;[ShootEmUp];Blue Hawk;bluehawk;1993;Dooyong;;;
3;[ShootEmUp];Break Thru (US);brkthru;1986;Data East USA;;;
3;[ShootEmUp];Battle Shark (World);bshark;1989;Taito Corporation Japan;;;
3;[ShootEmUp];Battle Field (Japan);btlfield;1987;Alpha Denshi Co. (SNK license);;;
3;[ShootEmUp];Bullet (FD1094 317-0041);bullet;1987;Sega;;;
3;[ShootEmUp];Cabal (World, Joystick);cabal;1988;TAD Corporation;;;
3;[ShootEmUp];Change Air Blade (Japan);cairblad;1999;Sammy;;;
3;[ShootEmUp];Caliber 50;calibr50;1989;Athena / Seta;;;
3;[ShootEmUp];Carrier Air Wing (U.S. navy 901012 etc);cawing;1990;Capcom;;;
3;[ShootEmUp];Centipede (revision 4);centiped;1980;Atari;;;
3;[ShootEmUp];Chimera Beast (prototype);chimerab;1993;Jaleco;;;
3;[ShootEmUp];Chopper I (US set 1);chopper;1988;SNK;;;
3;[ShootEmUp];Chuka Taisen (World) (P0-028-A PCB);chukatai;1988;Taito Corporation Japan;;;
3;[ShootEmUp];City Bomber (World);citybomb;1987;Konami;;;
3;[ShootEmUp];Cobra-Command (World/US revision 5);cobracom;1988;Data East Corporation;;;
3;[ShootEmUp];Commando (World);commando;1985;Capcom;;;
3;[ShootEmUp];Cosmic Cop (World);cosmccop;1991;Irem;;;
3;[ShootEmUp];Cotton (set 3, World, FD1094 317-0181a);cotton;1991;Success / Sega;;;
3;[ShootEmUp];Captain Tomaday;ctomaday;1999;Visco;;;
3;[ShootEmUp];Cybattler;cybattlr;1993;Jaleco;;;
3;[ShootEmUp];Cyber Tank (v1.4);cybertnk;1988;Coreland;;;
3;[ShootEmUp];Daioh;daioh;1993;Athena;;;
3;[ShootEmUp];Ufo Robo Dangar (4/07/1987);dangar;1986;Nichibutsu;;;
3;[ShootEmUp];Dangerous Seed (Japan);dangseed;1989;Namco;;;
3;[ShootEmUp];Darius (World);darius;1986;Taito Corporation Japan;;;
1;[ShootEmUp];Darius Gaiden - Silver Hawk (Ver 2.5O 1994/09/19);dariusg;1994;Taito Corporation Japan;;;
3;[ShootEmUp];The Lost Castle In Darkmist;darkmist;1986;Taito Corporation;;;
3;[ShootEmUp];Darwin 4078 (Japan);darwin;1986;Data East Corporation;;;
3;[ShootEmUp];Double Wings;dblewing;1993;Mitchell;;;
3;[ShootEmUp];Dragon Breed (M81 PCB version);dbreed;1989;Irem;;;
3;[ShootEmUp];DoDonPachi (International, master ver. 97/02/05);ddonpach;1997;Atlus / Cave;;;
2;[ShootEmUp];Bee Storm - DoDonPachi II (V102, World);ddp2;2001;IGS;;;
2;[ShootEmUp];DoDonPachi Dai-Ou-Jou (V101, Japan);ddpdoj;2002;Cave (AMI license);;;
3;[ShootEmUp];Devil World;devilw;1987;Konami;;;
3;[ShootEmUp];Devastators (ver. Z) [Minor Video glitches in level 2.];devstors;1988;Konami;;;
3;[ShootEmUp];Dimahoo (000121 Euro);dimahoo;2000;8ing / Raizing / Capcom;;;
3;[ShootEmUp];Acrobatic Dog-Fight;dogfgt;1984;Technos Japan;;;
3;[ShootEmUp];Dogyuun;dogyuun;1992;Toaplan;;;
3;[ShootEmUp];DonPachi (USA, ver. 1.12, 95/05/2x);donpachi;1995;Atlus / Cave;;;
3;[ShootEmUp];Dragon Blaze;dragnblz;2000;Psikyo;;;
3;[ShootEmUp];Dragon Spirit (new version (DS3));dspirit;1987;Namco;;;
3;[ShootEmUp];Dynamite Duke (Europe, 03SEP89);dynduke;1989;Seibu Kaihatsu;;;
3;[ShootEmUp];U.N. Defense Force: Earth Joker (Japan);earthjkr;1993;Visco;;;
3;[ShootEmUp];Eco Fighters (931203 etc);ecofghtr;1993;Capcom;;;
3;[ShootEmUp];E.D.F. : Earth Defense Force (set 1);edf;1991;Jaleco;;;
3;[ShootEmUp];Eight Forces;eightfrc;1994;Tecmo;;;
1;[ShootEmUp];Espgaluda (V100, Japan);espgal;2003;CAVE / AMI;;;
1;[ShootEmUp];Espgaluda (V100, Japan);espgal;2003;CAVE / AMI;;;
3;[ShootEmUp];ESP Ra.De. - A.D.2018 Tokyo (International, ver. 98/04/22);esprade;1998;Atlus / Cave;;;
3;[ShootEmUp];Explosive Breaker (World);explbrkr;1992;Kaneko;;;
3;[ShootEmUp];Extermination (World);extrmatn;1987;Taito Corporation Japan;;;
3;[ShootEmUp];Exzisus (Japan, dedicated);exzisus;1987;Taito Corporation;;;
3;[ShootEmUp];Fantasy Zone (Rev A, unprotected);fantzone;1986;Sega;;;
3;[ShootEmUp];Fever SOS (International, ver. 98/09/25);feversos;1998;Cave / Nihon System inc.;;;
3;[ShootEmUp];Fighting Hawk (World);fhawk;1988;Taito Corporation Japan;;;
3;[ShootEmUp];Finalizer - Super Transformation;finalizr;1985;Konami;;;
3;[ShootEmUp];Fire Shark;fireshrk;1990;Toaplan;;;
3;[ShootEmUp];FixEight (Europe);fixeight;1992;Toaplan;;;
3;[ShootEmUp];Flying Tiger (set 1);flytiger;1992;Dooyong;;;
3;[ShootEmUp];Forgotten Worlds (World, newer);forgottn;1988;Capcom;;;
3;[ShootEmUp];Flying Shark (World);fshark;1987;Toaplan / Taito Corporation;;;
3;[ShootEmUp];Final Star Force (US);fstarfrc;1992;Tecmo;;;
3;[ShootEmUp];Gaia - The Last Choice of Earth;gaialast;1999;SemiCom / XESS;;;
3;[ShootEmUp];Galaga (Namco rev. B);galaga;1981;Namco;;;
3;[ShootEmUp];Galaga 3 (GP3 rev. D);galaga3;1984;Namco;;;
3;[ShootEmUp];Galaga '88;galaga88;1987;Namco;;;
3;[ShootEmUp];Galaxian (Namco set 1);galaxian;1979;Namco;;;
3;[ShootEmUp];Galaxy Gunners [No Sound.];galaxygn;1989;Electronic Devices Italy;;;
3;[ShootEmUp];Galmedes (Japan);galmedes;1992;Visco;;;
3;[ShootEmUp];Garyo Retsuden (Japan);garyoret;1987;Data East Corporation;;;
3;[ShootEmUp];Gauntlet II;gaunt2;1986;Atari Games;;;
3;[ShootEmUp];Gauntlet II (2 Players, rev 2);gaunt22p;1986;Atari Games;;;
3;[ShootEmUp];Gauntlet (rev 14);gauntlet;1985;Atari Games;;;
3;[ShootEmUp];Gang Busters (set 1);gbusters;1988;Konami;;;
3;[ShootEmUp];Gemini Wing (Japan);gemini;1987;Tecmo;;;
1;[ShootEmUp];Galaxy Force 2;gforce2;1988;Sega;;;
3;[ShootEmUp];The Real Ghostbusters (US 3 Players);ghostb3;1987;Data East USA;;;
3;[ShootEmUp];Gigandes;gigandes;1989;East Technology;;;
3;[ShootEmUp];Giga Wing (990222 USA);gigawing;1999;Capcom;;;
3;[ShootEmUp];G.I. Joe (World, EAB, set 1);gijoe;1992;Konami;;;
1;[ShootEmUp];G-LOC Air Battle (World);gloc;1990;Sega;;;
3;[ShootEmUp];Ghost Pilots (NGM-020)(NGH-020);gpilots;1991;SNK;;;
3;[ShootEmUp];Gradius (Japan, ROM version);gradius;1985;Konami;;;
3;[ShootEmUp];Gradius II - GOFER no Yabou (Japan New ver.);gradius2;1988;Konami;;;
3;[ShootEmUp];Gradius III (World, program code R);gradius3;1989;Konami;;;
3;[ShootEmUp];Guardian Storm (horizontal, not encrypted);grdnstrm;1998;Afega (Apples Industries license);;;
3;[ShootEmUp];Grind Stormer;grindstm;1992;Toaplan;;;
3;[ShootEmUp];Grobda (New Ver.);grobda;1984;Namco;;;
3;[ShootEmUp];Gulf Storm (set 1);gulfstrm;1991;Dooyong;;;
3;[ShootEmUp];Gulf War II (set 1);gulfwar2;1991;Comad;;;
3;[ShootEmUp];Gunbird (World);gunbird;1994;Psikyo;;;
1;[ShootEmUp];Gunbird 2 (set 1);gunbird2;1998;Psikyo;;;
3;[ShootEmUp];Gundhara;gundhara;1995;Banpresto;;;
3;[ShootEmUp];Gun & Frontier (World);gunfront;1990;Taito Corporation Japan;;;
3;[ShootEmUp];Guwange (Japan, Master Ver. 99/06/24);guwange;1999;Atlus / Cave;;;
3;[ShootEmUp];Guerrilla War (US);gwar;1987;SNK;;;
3;[ShootEmUp];Gyruss (Konami);gyruss;1983;Konami;;;
3;[ShootEmUp];Hammer Away (prototype) [Prototype];hamaway;1992;Sega / Santos;;;
3;[ShootEmUp];Hellfire (2P set);hellfire;1989;Toaplan (Taito license);;;
3;[ShootEmUp];Horizon;horizon;1985;Irem;;;
3;[ShootEmUp];Hotdog Storm - The First Supersonics (International);hotdogst;1996;Marble / ACE International;;;
3;[ShootEmUp];Heavy Unit (World);hvyunit;1988;Kaneko / Taito;;;
3;[ShootEmUp];Ikari Warriors (US JAMMA);ikari;1986;SNK;;;
3;[ShootEmUp];Ikari III - The Rescue (8-Way Joystick);ikari3;1989;SNK;;;
3;[ShootEmUp];Image Fight (Japan, revision A);imgfight;1988;Irem;;;
3;[ShootEmUp];Insector X (World);insectx;1989;Taito Corporation Japan;;;
3;[ShootEmUp];Choutetsu Brikin'ger - Iron clad (Prototype) [Prototype];ironclad;1996;Saurus;;;
3;[ShootEmUp];Jackal (World, 8-way Joystick);jackal;1986;Konami;;;
3;[ShootEmUp];Jail Break;jailbrek;1986;Konami;;;
3;[ShootEmUp];Juno First;junofrst;1983;Konami;;;
3;[ShootEmUp];Ketsui Kizuna Jigoku Tachi (Revision 2?, Japan);ket;2002;CAVE / AMI;;;
3;[ShootEmUp];Kingdom Grandprix (World);kingdmgp;1994;Raizing / 8ing;;;
3;[ShootEmUp];Last Duel (US New Ver.);lastduel;1988;Capcom;;;
3;[ShootEmUp];Legion - Spinner-87 (World ver 2.03);legion;1987;Nichibutsu;;;
3;[ShootEmUp];Lightning Fighters (World);lgtnfght;1990;Konami;;;
3;[ShootEmUp];Last Resort;lresort;1992;SNK;;;
3;[ShootEmUp];Legendary Wings (US set 1);lwings;1986;Capcom;;;
3;[ShootEmUp];Super Spacefortress Macross II / Chou-Jikuu Yousai Macross II;macross2;1993;Banpresto;;;
1;[ShootEmUp];Macross Plus;macrossp;1996;MOSS / Banpresto;;;
3;[ShootEmUp];Mad Crasher;madcrash;1984;SNK;;;
3;[ShootEmUp];Mad Shark;madshark;1993;Allumer;;;
3;[ShootEmUp];Master of Weapon (World) [Imperfect graphics];masterw;1989;Taito Corporation Japan;;;
3;[ShootEmUp];Mazinger Z (World, ver. 94/06/27);mazinger;1994;Banpresto / Dynamic Pl. Toei Animation;;;
3;[ShootEmUp];Mega Blast (World);megablst;1989;Taito Corporation Japan;;;
3;[ShootEmUp];Mercs (900302 etc);mercs;1990;Capcom;;;
3;[ShootEmUp];Meta Fox;metafox;1989;Seta;;;
1;[ShootEmUp];Metal Hawk (Rev C);metlhawk;1988;Namco;;;
3;[ShootEmUp];Mars Matrix (000412 USA);mmatrix;2000;Capcom / Takumi;;;
3;[ShootEmUp];Marchen Maze (Japan) [Error on first boot is normal];mmaze;1988;Namco;;;
3;[ShootEmUp];Mister Viking (315-5041);mrviking;1984;Sega;;;
3;[ShootEmUp];Michael Jackson's Moonwalker (set 3, World, FD1094/8751 317-0159);mwalk;1990;Sega;;;
3;[ShootEmUp];NAM-1975 (NGM-001)(NGH-001);nam1975;1990;SNK;;;
3;[ShootEmUp];Ninja Commando;ncommand;1992;Alpha Denshi Co.;;;
3;[ShootEmUp];SD Gundam Neo Battling (Japan);neobattl;1992;Banpresto / Sotsu Agency. Sunrise;;;
3;[ShootEmUp];Night Striker (World);nightstr;1989;Taito Corporation Japan;;;
3;[ShootEmUp];Ninja Emaki (US);ninjemak;1986;Nichibutsu;;;
3;[ShootEmUp];Nostradamus;nost;1993;Face;;;
3;[ShootEmUp];Omega Fighter;omegaf;1989;UPL;;;
1;[ShootEmUp];Ordyne (World);ordyne;1988;Namco;;;
3;[ShootEmUp];Out Zone;outzone;1990;Toaplan;;;
3;[ShootEmUp];P-47 - The Phantom Fighter (World);p47;1988;Jaleco;;;
3;[ShootEmUp];Parodius DA! (World, set 1);parodius;1990;Konami;;;
3;[ShootEmUp];Pirates (set 1);pirates;1994;NIX;;;
3;[ShootEmUp];Pistol Daimyo no Bouken (Japan);pistoldm;1990;Namco;;;
3;[ShootEmUp];Plus Alpha;plusalph;1989;Jaleco;;;
3;[ShootEmUp];Pollux (set 1);pollux;1991;Dooyong;;;
3;[ShootEmUp];Pooyan;pooyan;1982;Konami;;;
3;[ShootEmUp];Prehistoric Isle in 1930 (World);prehisle;1989;SNK;;;
3;[ShootEmUp];Prehistoric Isle 2;preisle2;1999;Yumekobo;;;
3;[ShootEmUp];Progear (010117 USA);progear;2001;Capcom / Cave;;;
3;[ShootEmUp];Rabio Lepus (Japan);rabiolep;1987;V-System Co.;;;
3;[ShootEmUp];Raiden (set 1);raiden;1990;Seibu Kaihatsu;;;
3;[ShootEmUp];Raiden II (US, set 1);raiden2;1993;Seibu Kaihatsu (Fabtek license);;;
3;[ShootEmUp];Raiden DX (UK);raidendx;1994;Seibu Kaihatsu;;;
3;[ShootEmUp];Rambo III (Europe);rambo3;1989;Taito Europe Corporation;;;
3;[ShootEmUp];Repulse;repulse;1985;Sega;;;
3;[ShootEmUp];Return of the Invaders;retofinv;1985;Taito Corporation;;;
3;[ShootEmUp];Rezon;rezon;1991;Allumer;;;
3;[ShootEmUp];Atomic Robo-kid (World, Type-2);robokid;1988;UPL;;;
3;[ShootEmUp];R-Shark;rshark;1995;Dooyong;;;
3;[ShootEmUp];R-Type (World);rtype;1987;Irem;;;
3;[ShootEmUp];R-Type II;rtype2;1989;Irem;;;
3;[ShootEmUp];Ryu Jin (Japan);ryujin;1993;Taito Corporation;;;
3;[ShootEmUp];Strikers 1945;s1945;1995;Psikyo;;;
3;[ShootEmUp];Strikers 1945 II;s1945ii;1997;Psikyo;;;
3;[ShootEmUp];Strikers 1945 III (World) / Strikers 1999 (Japan);s1945iii;1999;Psikyo;;;
3;[ShootEmUp];Strikers 1945 Plus;s1945p;1999;Psikyo;;;
3;[ShootEmUp];Salamander (version D);salamand;1986;Konami;;;
3;[ShootEmUp];Samurai Aces (World);samuraia;1993;Psikyo / Banpresto;;;
3;[ShootEmUp];Sand Scorpion;sandscrp;1992;Face;;;
3;[ShootEmUp];Sauro [Missing speech chip!];sauro;1987;Tecfri;;;
3;[ShootEmUp];Space Bomber (ver. B);sbomber;1998;Psikyo;;;
3;[ShootEmUp];Scooter Shooter;scotrsht;1985;Konami;;;
3;[ShootEmUp];SDI - Strategic Defense Initiative (Japan, newer, System 16A, FD1089B 317-0027);sdi;1987;Sega;;;
3;[ShootEmUp];Secret Agent (World revision 3);secretag;1989;Data East Corporation;;;
3;[ShootEmUp];Sega Ninja (315-5102);seganinj;1985;Sega;;;
3;[ShootEmUp];Seicross;seicross;1984;Nichibutsu / Alice;;;
3;[ShootEmUp];Sengeki Striker (Asia);sengekis;1997;Kaneko / Warashi;;;
3;[ShootEmUp];Shackled (US);shackled;1986;Data East USA;;;
3;[ShootEmUp];Space Harrier (Rev A, 8751 315-5163A);sharrier;1985;Sega;;;
3;[ShootEmUp];Shock Troopers - 2nd Squad;shocktr2;1998;Saurus;;;
3;[ShootEmUp];Shock Troopers (set 1);shocktro;1997;Saurus;;;
3;[ShootEmUp];Shoot Out (US);shootout;1985;Data East USA;;;
3;[ShootEmUp];Side Arms - Hyper Dyne (World, 861129);sidearms;1986;Capcom;;;
3;[ShootEmUp];Silk Worm (World);silkworm;1988;Tecmo;;;
3;[ShootEmUp];Sky Adventure (World);skyadvnt;1989;Alpha Denshi Co.;;;
3;[ShootEmUp];Sky Kid Deluxe (set 1);skykiddx;1986;Namco;;;
3;[ShootEmUp];Sky Robo;skyrobo;1989;Nichibutsu;;;
3;[ShootEmUp];Sky Skipper;skyskipr;1981;Nintendo;;;
3;[ShootEmUp];Sky Smasher;skysmash;1990;Nihon System;;;
3;[ShootEmUp];Sky Soldiers (US);skysoldr;1988;Alpha Denshi Co. (SNK of America/Romstar license);;;
3;[ShootEmUp];Sol Divide - The Sword Of Darkness;soldivid;1997;Psikyo;;;
3;[ShootEmUp];Aero Fighters 2 / Sonic Wings 2;sonicwi2;1994;Video System Co.;;;
3;[ShootEmUp];Aero Fighters 3 / Sonic Wings 3;sonicwi3;1995;Video System Co.;;;
3;[ShootEmUp];Space Invaders DX (US, v2.1);spacedx;1994;Taito Corporation;;;
3;[ShootEmUp];Spectrum 2000 (vertical);spec2k;2000;Yona Tech;;;
3;[ShootEmUp];Spinal Breakers (World);spinlbrk;1990;V-System Co.;;;
3;[ShootEmUp];S.P.Y. - Special Project Y (World ver. N);spy;1989;Konami;;;
3;[ShootEmUp];Super Real Darwin (World);srdarwin;1987;Data East Corporation;;;
3;[ShootEmUp];S.R.D. Mission;srdmissn;1986;Taito Corporation;;;
3;[ShootEmUp];The Speed Rumbler (set 1);srumbler;1986;Capcom;;;
3;[ShootEmUp];Super Space Invaders '91 (World);ssi;1990;Taito Corporation Japan;;;
3;[ShootEmUp];S.S. Mission;ssmissin;1992;Comad;;;
3;[ShootEmUp];Super Stingray (Japan);sstingry;1986;Alpha Denshi Co.;;;
3;[ShootEmUp];Sorcer Striker;sstriker;1993;Raizing;;;
3;[ShootEmUp];Stagger I (Japan);stagger1;1998;Afega;;;
3;[ShootEmUp];Saint Dragon (set 1);stdragon;1989;Jaleco;;;
3;[ShootEmUp];Strike Gunner S.T.G;stg;1991;Athena / Tecmo;;;
3;[ShootEmUp];Steel Force;stlforce;1994;Electronic Devices Italy / Ecogames S.L. Spain;;;
3;[ShootEmUp];Storm Blade (US);stmblade;1996;Visco;;;
3;[ShootEmUp];Raiga - Strato Fighter (US);stratof;1991;Tecmo;;;
3;[ShootEmUp];Super-X (NTC);superx;1994;Dooyong (NTC license);;;
3;[ShootEmUp];SWAT (315-5048);swat;1984;Coreland / Sega;;;
3;[ShootEmUp];SWAT Police;swatpolc;2001;ESD;;;
3;[ShootEmUp];Syvalion (Japan);syvalion;1988;Taito Corporation;;;
1;[ShootEmUp];Super Zaxxon;szaxxon;1982;Sega;;;
3;[ShootEmUp];Tank Force (US, 2 Players);tankfrce;1991;Namco;;;
3;[ShootEmUp];Thunder Dragon 2 (9th Nov. 1993);tdragon2;1993;NMK;;;
3;[ShootEmUp];Tengai (world);tengai;1996;Psikyo;;;
3;[ShootEmUp];Terra Cresta (YM3526 set 1);terracre;1985;Nichibutsu;;;
3;[ShootEmUp];Terra Force;terraf;1987;Nichibutsu;;;
3;[ShootEmUp];Task Force Harrier;tharrier;1989;UPL;;;
3;[ShootEmUp];Thunder Blade (upright, FD1094 317-0056);thndrbld;1987;Sega;;;
3;[ShootEmUp];Thunder Cross II (World);thndrx2;1991;Konami;;;
3;[ShootEmUp];Thunder Cross (set 1);thunderx;1988;Konami;;;
3;[ShootEmUp];Tiger Heli (US);tigerh;1985;Toaplan / Taito America Corp.;;;
3;[ShootEmUp];Time Pilot;timeplt;1982;Konami;;;
3;[ShootEmUp];Time Soldiers (US Rev 3);timesold;1987;Alpha Denshi Co. (SNK/Romstar license);;;
3;[ShootEmUp];Thundercade / Twin Formation;tndrcade;1987;Seta (Taito license);;;
3;[ShootEmUp];The Next Space (set 1);tnextspc;1989;SNK;;;
3;[ShootEmUp];Toki no Senshi - Chrono Soldier;tokisens;1987;Sega;;;
3;[ShootEmUp];Time Pilot '84 (set 1);tp84;1984;Konami;;;
3;[ShootEmUp];Trick Trap (World?);tricktrp;1987;Konami;;;
3;[ShootEmUp];Truxton / Tatsujin;truxton;1988;Toaplan / Taito Corporation;;;
3;[ShootEmUp];Truxton II;truxton2;1992;Toaplan;;;
3;[ShootEmUp];Turbo Force (World, set 1);turbofrc;1991;Video System Co.;;;
3;[ShootEmUp];TwinBee (ROM version);twinbee;1985;Konami;;;
3;[ShootEmUp];Twin Cobra (World);twincobr;1987;Toaplan / Taito Corporation;;;
3;[ShootEmUp];Twin Eagle II - The Rescue Mission;twineag2;1994;Seta;;;
3;[ShootEmUp];Twin Eagle - Revenge Joe's Brother;twineagl;1988;Seta (Taito license);;;
3;[ShootEmUp];Twin Hawk (World);twinhawk;1989;Taito Corporation Japan;;;
3;[ShootEmUp];Ultra X Weapons / Ultra Keibitai;ultrax;1995;Banpresto / Tsuburaya Productions;;;
3;[ShootEmUp];Ultraman Club - Tatakae! Ultraman Kyoudai!!;umanclub;1992;Banpresto / Tsuburaya Productions;;;
3;[ShootEmUp];U.N. Squadron (US);unsquad;1989;Daipro / Capcom;;;
3;[ShootEmUp];Varth - operation thunderstorm (920714 etc);varth;1992;Capcom;;;
3;[ShootEmUp];Vasara;vasara;2000;Visco;;;
3;[ShootEmUp];Vasara 2 (set 1);vasara2;2001;Visco;;;
3;[ShootEmUp];Victory Road;victroad;1986;SNK;;;
3;[ShootEmUp];Viewpoint;viewpoin;1992;Sammy / Aicom;;;
3;[ShootEmUp];Vimana (World, set 1);vimana;1991;Toaplan;;;
3;[ShootEmUp];Wing Force (Japan, prototype);wingforc;1993;Atlus;;;
3;[ShootEmUp];Wonder Planet (Japan);wndrplnt;1987;Data East Corporation;;;
3;[ShootEmUp];World Wars (World?);worldwar;1987;SNK;;;
3;[ShootEmUp];Wyvern F-0;wyvernf0;1985;Taito;;;
3;[ShootEmUp];Xexex (ver EAA);xexex;1991;Konami;;;
3;[ShootEmUp];X Multiply (World, M81);xmultipl;1989;Irem;;;
3;[ShootEmUp];Go Go Mr. Yamaguchi / Yuke Yuke Yamaguchi-kun;yamagchi;1985;Kaneko / Taito;;;
3;[ShootEmUp];Youjyuden (Japan);youjyudn;1986;Irem;;;
3;[ShootEmUp];Zed Blade / Operation Ragnarok;zedblade;1994;NMK;;;
3;[ShootEmUp];Zero Wing (2P set);zerowing;1989;Toaplan;;;
3;[ShootEmUp];Zing Zing Zip;zingzip;1992;Allumer + Tecmo;;;
3;[Sport];2020 Super Baseball (set 1);2020bb;1991;SNK / Pallas;;;
3;[Sport];'88 Games;88games;1988;Konami;;;
2;[Sport];Ace Attacker (FD1094 317-0059);aceattac;1988;Sega;;;
3;[Sport];Arm Wrestling;armwrest;1985;Nintendo;;;
3;[Sport];Bang Bead;bangbead;2000;Visco;;;
3;[Sport];B.C. Story (set 1);bcstry;1997;SemiCom;;;
3;[Sport];Big Striker;bigstrik;1992;Jaleco;;;
3;[Sport];Blades of Steel (version T);bladestl;1987;Konami;;;
-1;[Sport];Bottom of the Ninth (ver. T);bottom9;1989;Konami;;;
3;[Sport];Back Street Soccer [graphics issues?];bssoccer;1996;SunA;;;
3;[Sport];Baseball Stars Professional (NGM-002);bstars;1990;SNK;;;
3;[Sport];Baseball Stars 2;bstars2;1992;SNK;;;
3;[Sport];Capcom Sports Club (971017 Euro);csclub;1997;Capcom;;;
3;[Sport];Dynamite League (US);dleague;1990;Taito America Corporation;;;
3;[Sport];Dream Soccer '94 (World, M107 hardware);dsoccr94;1994;Irem (Data East Corporation license);;;
3;[Sport];Dunk Shot (Rev C, FD1089 317-0022);dunkshot;1987;Sega;;;
2;[Sport];Eagle Shot Golf;eaglshot;1994;Sammy;;;
3;[Sport];Extreme Downhill (v1.5);extdwnhl;1995;Sammy Industries Japan;;;
1;[Sport];Face Off (Japan 2 Players);faceoff;1988;Namco;;;
3;[Sport];Football Frenzy (NGM-034)(NGH-034);fbfrenzy;1992;SNK;;;
3;[Sport];Fighting Roller;fightrol;1983;Kaneko (Taito license);;;
3;[Sport];Battle Flip Shot;flipshot;1998;Visco;;;
3;[Sport];Goal! Goal! Goal!;goalx3;1995;Visco;;;
3;[Sport];Hit the Ice (US);hitice;1990;Taito Corporation (Williams licence);;;
3;[Sport];Jump Shot;jumpshot;1985;Bally Midway;;;
3;[Sport];Kick Off (Japan);kickoff;1988;Jaleco;;;
3;[Sport];Last Striker / Kyuukyoku no Striker;kyustrkr;1989;East Technology;;;
3;[Sport];League Bowling (NGM-019)(NGH-019);lbowling;1990;SNK;;;
3;[Sport];Major Title (World);majtitle;1990;Irem;;;
3;[Sport];Paddle Mania;paddlema;1988;SNK;;;
3;[Sport];Passing Shot (World, 2 Players, FD1094 317-0080);passsht;1988;Sega;;;
3;[Sport];Pleasure Goal / Futsal - 5 on 5 Mini Soccer (NGM-219);pgoal;1996;Saurus;;;
3;[Sport];Konami's Ping-Pong;pingpong;1985;Konami;;;
3;[Sport];Penguin-Kun Wars (US);pkunwar;1985;UPL;;;
3;[Sport];Power Spikes (World);pspikes;1991;Video System Co.;;;
3;[Sport];Power Spikes II (NGM-068);pspikes2;1994;Video System Co.;;;
3;[Sport];Punch-Out!! (Rev B);punchout;1984;Nintendo;;;
3;[Sport];Punk Shot (US 4 Players);punkshot;1990;Konami;;;
3;[Sport];Rack 'em Up (program code L);rackemup;1987;Konami;;;
3;[Sport];Recordbreaker (World);recordbr;1988;Taito Corporation Japan;;;
3;[Sport];Rollergames (US);rollerg;1991;Konami;;;
3;[Sport];Super Dodge Ball / Kunio no Nekketsu Toukyuu Densetsu;sdodgeb;1996;Technos;;;
3;[Sport];Gladiator 1984;sgladiat;1984;SNK;;;
3;[Sport];Side Pocket (World);sidepckt;1986;Data East Corporation;;;
3;[Sport];Snow Board Championship (Version 2.1);snowboar;1994;Gaelco;;;
3;[Sport];Soccer Brawl (NGM-031);socbrawl;1991;SNK;;;
3;[Sport];Speed Spin;speedspn;1994;TCH;;;
3;[Sport];Super Punch-Out!! (Rev B);spnchout;1984;Nintendo;;;
3;[Sport];Squash (Ver. 1.0);squash;1992;Gaelco;;;
3;[Sport];Super Sidekicks / Tokuten Ou;ssideki;1992;SNK;;;
3;[Sport];Super Sidekicks 2 - The World Championship / Tokuten Ou 2 - real fight football (NGM-061)(NGH-061);ssideki2;1994;SNK;;;
3;[Sport];Super Sidekicks 3 - The Next Glory / Tokuten Ou 3 - eikou e no michi;ssideki3;1995;SNK;;;
3;[Sport];The Ultimate 11 - The SNK Football Championship / Tokuten Ou - Honoo no Libero;ssideki4;1996;SNK;;;
3;[Sport];Stakes Winner / Stakes Winner - GI kinzen seiha e no michi;stakwin;1995;Saurus;;;
3;[Sport];Stakes Winner 2;stakwin2;1996;Saurus;;;
3;[Sport];Street Hoop / Street Slam / Dunk Dream (DEM-004) (DEH-004);strhoop;1994;Data East Corporation;;;
3;[Sport];Super Volleyball (Japan);svolley;1989;V-System Co.;;;
3;[Sport];Swimmer (set 1);swimmer;1982;Tehkan;;;
3;[Sport];Tecmo Bowl (World, set 1);tbowl;1987;Tecmo;;;
3;[Sport];Top Player's Golf (NGM-003)(NGH-003);tpgolf;1990;SNK;;;
3;[Sport];Track & Field;trackfld;1983;Konami;;;
3;[Sport];Neo Turf Masters / Big Tournament Golf;turfmast;1996;Nazca;;;
